Stride,ThreadsPerBlock,EnergyPerAccess
1,1,1.040913e+03
1,32,6.014041e+01
1,128,5.011478e+01
1,512,4.873425e+01
1,1024,5.120418e+01
4,1,9.884117e+02
4,32,7.324814e+01
4,128,6.644748e+01
4,512,6.832353e+01
4,1024,7.026417e+01
16,1,9.922361e+02
16,32,1.559938e+02
16,128,1.262812e+02
16,512,1.449167e+02
16,1024,1.363781e+02
