Stride,ThreadsPerBlock,EnergyPerAccess
1,1,-1.420378e+06
1,32,4.936860e+04
1,128,3.269000e+03
1,512,3.521664e+03
1,1024,2.517535e+03
4,1,-4.201712e+06
4,32,4.390843e+04
4,128,2.017381e+03
4,512,-1.220055e+03
4,1024,-6.778232e+03
16,1,-1.466539e+05
16,32,-3.986755e+04
16,128,-9.128645e+03
16,512,-2.899406e+04
16,1024,5.166021e+04
