Stride,ThreadsPerBlock,EnergyPerAccess
1,1,-8.709760e+05
1,32,-8.934609e+03
1,128,-2.518231e+02
1,512,9.136227e+01
1,1024,1.232107e+03
4,1,-4.869379e+05
4,32,-5.068229e+03
4,128,-2.201201e+03
4,512,2.555638e+03
4,1024,3.158099e+03
16,1,-9.424954e+05
16,32,-3.207641e+03
16,128,4.984461e+03
16,512,-9.283145e+02
16,1024,-7.782604e+02
