cache_level,threshold_50_bytes,threshold_50_kb,threshold_50_mb,threshold_99_bytes,threshold_99_kb,threshold_99_mb,inflection_bytes,inflection_kb,inflection_mb,confidence
L1,557555,544.487,0.531726,821102,801.857,0.783064,512000,500.000,0.488281,HIGH
L2,75046016,73287.125,71.569458,98088534,95789.584,93.544516,60990080,59560.625,58.164673,HIGH
